token,n
JSON,8
Prisma,4
Windows,4
Svelte,3
SQLAlchemy,3
pnpm,3
ActiveMQ,3
COBOL,3
Cloud Migration Consulting,3
Blazor,3
TestRail,3
ServiceNow,3
Microsoft Dynamics 365,3
IT Audit,3
Risk Assessment / BCP,3
Sharepoint,3
AUTOSAR,3
Technical Writing,3
GA4,3
Streamlit,3
Gin,2
Notion,2
tư duy phản biện,2
sketch,2
npm,2
NPM,2
TypeORM,2
Groovy,2
Strategy/Planning,2
Entity Framework,2
Decorator pattern,2
Yii,2
Web3.js,2
Accessibility,2
Product roadmap,2
IT Governance,2
Balsamiq,2
TestNG,2
Hardware Troubleshooting,2
Zephyr,2
CANoe,2
kotlinx.coroutines,2
RPA,2
OpenStack,2
Redhat,2
FRS,2
User diagram,2
Security Hardening,2
process improvement,2
Appsflyer,2
SAS,2
Microsoft Office,2
Alteryx,2
Engineering and Product Management,1
Legal,1
Consulting and Analyst,1
Communication skill,1
Production,1
Snort,1
Marketing and Sales,1
Management,1
Accounting/Auditing,1
communication skill,1
Hệ điều hành,1
Accounting/Auditing and Finance,1
Vercel,1
Echo,1
Remix,1
Design and Engineering,1
Adobe XD,1
Administrative,1
Science,1
Analyst,1
Customer Service,1
Xamarin,1
ArangoDB,1
J2EE,1
Qt,1
Magento,1
WooCommerce,1
BigCommerce,1
REST Assured,1
MobX,1
Drupal,1
.NET Standard,1
IT Communication/Translation,1
User personas,1
Digital Forensics,1
Matlab,1
Hugging Face Transformers,1
Strategy planning,1
OutSystems,1
Adobe Illustrator,1
ARM Cortex,1
Amazon RDS,1
Ui5,1
Encryption Key Management,1
Monolithic Architecture,1
Digital tokens,1
Bridge Engineer,1
Functional specifications,1
Cucumber,1
IoT Platforms,1
BLE,1
Usability testing,1
Black box testing,1
Bugzilla,1
MantisBT,1
Android studio,1
ROS2,1
ROS,1
Robotics,1
SLAM,1
ASPICE,1
ServiceNow App Engine,1
CANalyer,1
Web Application Firewall,1
Cryptography,1
Embedded Android,1
IoT,1
ThreadX,1
jOOQ,1
Vuex,1
WPF,1
MQTT,1
Airtable,1
IBM DB2,1
Hack (HHVM),1
Lean Project Management,1
PQA,1
Change Management,1
User flows,1
Mockups,1
PRD,1
DNS Security,1
Hyper-V,1
Technology Roadmapping,1
TestComplete,1
Juniper,1
Cisco,1
Chef,1
Data Catalog,1
Requirement Elicitation,1
XGBoost,1
LightGBM,1
TOEIC 700+,1
Data Governance,1
Data Architecture,1
Feature Engineering,1
wireframes,1
FRD,1
AppsFlyer,1
SSAS,1
Google Analytics,1
SSRS,1
