job_id,source_id,job_title,company_name,level,experience_raw,updated_at,deadline,location,job_url,skills_raw
ITV_5911,ITV,Middle/Senior Java Engineer,NAB Innovation Centre Vietnam,Middle | Senior,4+ year,08/08/2026,12/09/2026,"The Hallmark, 15 Tran Bach Dang, An Khanh Ward, An Khánh, TP Hồ Chí Minh",https://itviec.com/viec-lam-it/middle-senior-java-engineer-nab-innovation-centre-vietnam-5911,Java | Spring Boot | Microservices | Cloud | Spring | AWS
ITV_1717,ITV,Mid/Sr Java Developer English Required - Up to 3200,"Rakuten Fintech Vietnam Co., Ltd.",,5+ year,08/08/2026,12/09/2026,"24th-25th Floor, A&B Tower, 76A Le Lai Street, Ben Thanh Ward, Bến Thành, TP Hồ Chí Minh",https://itviec.com/viec-lam-it/mid-sr-java-developer-english-required-up-to-3200-rakuten-fintech-vietnam-co-ltd-1717,Java | Unit test | Spring Boot | Spring | SQL | English
ITV_4640,ITV,"Mid/Sr Java Engineer SpringBoot, Microservices- BONUS",EPAM Vietnam,,5 year,31/07/2026,04/09/2026,"Remotely, Floor 13, MB Sunny Tower, 259 Tran Hung Dao, Cầu Ông Lãnh, TP Hồ Chí Minh",https://itviec.com/viec-lam-it/mid-sr-java-engineer-springboot-microservices-bonus-epam-vietnam-4640,Java | CI/CD | Cloud | Microservices | Spring Boot
ITV_0950,ITV,"Mid-Senior Java Backend Developer Spring, English",LOGICENTRA,Senior,3 years,14/08/2026,18/09/2026,"Toà nhà 678, 67 Hoàng Văn Thái, Phường Tân Mỹ, Tân Mỹ, TP Hồ Chí Minh",https://itviec.com/viec-lam-it/mid-senior-java-backend-developer-spring-english-logicentra-0950,Java | Bash Shell | Spring Boot | Oracle | SQL | English
ITV_3510,ITV,Senior Fullstack DeveloperAI/Java/ Kotlin/Spring Boot,CÔNG TY TNHH AU PROFESSIONAL VIETNAM,Senior,5+ year,31/07/2026,04/09/2026,"Phòng 4.01, 16 Phan Chu Trinh, Phường Cửa Nam, Hà Nội",https://itviec.com/viec-lam-it/senior-fullstack-developer-ai-java-kotlin-spring-boot-cong-ty-tnhh-au-professional-vietnam-3510,Java | AI | ReactJS | SQL | Spring Boot | Kotlin
ITV_1053,ITV,AI-Powered Principal Fullstack Engineer Java/Go/RoR,"MONEY FORWARD VIETNAM CO.,LTD",,8 year,14/08/2026,18/09/2026,"Tòa nhà E.Town Central, Số 11 Đoàn Văn Bơ, Xóm Chiếu, TP Hồ Chí Minh",https://itviec.com/viec-lam-it/ai-powered-principal-fullstack-engineer-java-go-ror-money-forward-vietnam-co-ltd-1053,Java | ReactJS | Golang | Ruby on Rails | AI
ITV_4634,ITV,Senior Java Backend Developer Spring Boot,VNEXT SOFTWARE,Senior,5 năm kinh nghiệm,06/08/2026,10/09/2026,"Tầng 17, 18, 19 Tòa Central Point, 219 Trung Kính, Yên Hòa, Hà Nội",https://itviec.com/viec-lam-it/senior-java-backend-developer-spring-boot-vnext-software-4634,Java | Docker | Kafka | SQL | Microservices | Spring Boot
ITV_5009,ITV,"Middle Fullstack DeveloperJava, PHP, Flutter, AI",Pacific Cross Vietnam,Middle,3 year,13/08/2026,17/09/2026,"6th Floor, VNPT Building, 1487 Nguyen Van Linh, Tan Hung Ward, Tân Hưng, TP Hồ Chí Minh",https://itviec.com/viec-lam-it/middle-fullstack-developer-java-php-flutter-ai-pacific-cross-vietnam-5009,Java | JavaScript | NextJS | Spring Boot | Laravel | PHP
ITV_2426,ITV,Senior Backend Engineer Python/Java/Go,LARION,Senior,5+ year,13/08/2026,17/09/2026,"QTSC Building 1, Quang Trung Software City, Trung Mỹ Tây, TP Hồ Chí Minh",https://itviec.com/viec-lam-it/senior-backend-engineer-python-java-go-larion-2426,Python | Java | Golang | Linux | PHP | English
ITV_0022,ITV,HN Senior Java Engineer,NAB Innovation Centre Vietnam,Senior,,29/07/2026,02/09/2026,"The Capital Place, 29 Lieu Giai Street, Ngoc Ha Ward, Hanoi City, Vietnam, Ngọc Hà, Hà Nội",https://itviec.com/viec-lam-it/hn-senior-java-engineer-nab-innovation-centre-vietnam-0022,Java | ReactJS | Spring Boot | AI | Cloud | JavaScript
ITV_1127,ITV,"JAVA Software Engineer JEE, SQL, English",Swisslog Vietnam,,3+ year,12/08/2026,16/09/2026,"324-326-328 Lê Văn Sỹ, Tân Sơn Hòa, TP Hồ Chí Minh",https://itviec.com/viec-lam-it/java-software-engineer-jee-sql-english-swisslog-vietnam-1127,Java | English
ITV_3501,ITV,Developer Manager Java Full Stack,Nakivo,Manager,6+ year,12/08/2026,16/09/2026,"TGI Building, 208 Nguyen Trai, TP Hồ Chí Minh",https://itviec.com/viec-lam-it/developer-manager-java-full-stack-nakivo-3501,Spring Boot | Agile | Java | English
ITV_0850,ITV,Middle/Senior Back End Developer Java,Persol Career Tech Studio Vietnam,Middle | Senior,3 year,05/08/2026,09/09/2026,"4th Floor An Phu Plaza, Xuan Hoa Ward, TP Hồ Chí Minh",https://itviec.com/viec-lam-it/middle-senior-back-end-developer-java-persol-career-tech-studio-vietnam-0850,Java | Spring | JavaScript | SQL
ITV_4106,ITV,"Solution Architect Java, Backbase, Cloud",ABBANK,,"Hiểu biết sâu về kiến trúc phần mềm: monolith, microservices, event-driven, domain-driven design.",12/08/2026,16/09/2026,"36 Hoàng Cầu, Ô Chợ Dừa, Hà Nội",https://itviec.com/viec-lam-it/solution-architect-java-backbase-cloud-abbank-4106,Java | Kubernetes | API | Docker | Solution Architecture | Cloud
ITV_4603,ITV,Java Backend Developer Junior/Middle,CESA Vietnam (part of CEVA Logistic),Junior | Middle,1 year,11/08/2026,15/09/2026,"Lầu 6, tòa nhà E-town 2, số 364 đường Cộng Hòa, phường 13, TP Hồ Chí Minh",https://itviec.com/viec-lam-it/java-backend-developer-junior-middle-cesa-vietnam-part-of-ceva-logistic-4603,Java | Kubernetes | PostgreSql | Kafka | Spring Boot | English
ITV_1502,ITV,Senior Backend Engineer Java,TIKI,Senior,4+ year,11/08/2026,15/09/2026,"Halo building, 208 Cô Bắc street, Cầu Ông Lãnh ward, TP Hồ Chí Minh",https://itviec.com/viec-lam-it/senior-backend-engineer-java-tiki-1502,Java | Golang | MySQL | Python | CI/CD | Microservices
ITV_1609,ITV,"Senior Backend Engineer Python, Java, PHP",ITviec Recruitment Consulting,Senior,5+ year,11/08/2026,15/09/2026,"City, TP Hồ Chí Minh",https://itviec.com/viec-lam-it/senior-backend-engineer-python-java-php-itviec-recruitment-consulting-1609,PHP | Design Systems | Kubernetes | Java | Python
ITV_0408,ITV,Senior Fullstack Engineer Python/Java/Golang,ITviec Recruitment Consulting,Senior,5+ year,11/08/2026,15/09/2026,"City, TP Hồ Chí Minh",https://itviec.com/viec-lam-it/senior-fullstack-engineer-python-java-golang-itviec-recruitment-consulting-0408,Python | Angular | ReactJS | Java | Golang | JavaScript
ITV_1316,ITV,"Back End Developer Java, MySQL, Spring",LG CNS Việt Nam,,,04/08/2026,08/09/2026,"Tầng 15, tòa Keangnam Landmark 72, Mễ Trì, Yên Hòa, Hà Nội",https://itviec.com/viec-lam-it/back-end-developer-java-mysql-spring-lg-cns-viet-nam-1316,Java | MySQL | Spring
ITV_1154,ITV,"Sr Java Fullstack Developer VueJS, Angular - 4B059",TNEX,,4+ year,28/07/2026,01/09/2026,"Số 54A Nguyễn Chí Thanh, Phường Láng, Hà Nội",https://itviec.com/viec-lam-it/sr-java-fullstack-developer-vuejs-angular-4b059-tnex-1154,Java | Spring | MySQL | NextJS | Angular | VueJS
